{
  "name": "Krastorio2-spaced-out",
  "version": "0.0.1",
  "title": "Krastorio 2 Spaced Out",
  "description": "Overhaul merging Krastorio 2 with Space Age Mechanics.",
  "author": "Emily37",
  "factorio_version": "2.0",
  "dependencies": [
    "base >= 2.0.42",
    "Krastorio2Assets >= 2.0.1",
    "ChangeInserterDropLane >= 1.1.0",
    "quality >= 2.0.42",
    "space-age >= 2.0.42",
    "! Krastorio2"
  ],
    "quality_required": true,
    "space_travel_required": true,
    "spoiling_required": true,
    "freezing_required": true,
    "segmented_units_required": true
}
